{
"type": "FeatureCollection",
"crs": { "type": "name", "properties": { "name": "urn:ogc:def:crs:OGC:1.3:CRS84" } },
"features": [
{ "type": "Feature", "properties": { "Market_Nam": "West Broadway Farmers Market", "Market_Typ": "Farmers Market or Produce & Craft", "Address": "2034 West Broadway Ave N", "Season__St": "June 19 - October 2", "Days_and_H": "Fridays, 3pm - 7pm", "Email": "marketmanager@afcmn.org", "Phone": "612-588-7611", "Food_Acces": "SNAP-EBT, Power of Produce, Market Bucks, FMNP, Healthy Savings", "Zip_Code": 55411, "Website": "http:\/\/www.westbroadway.org\/farmersmarket\/", "Social_Med": "http:\/\/www.facebook.com\/westbroadwayfarmersmarket\/", "Latitude": 45.002719, "Longitude": -93.305393, "ObjectId": 1 }, "geometry": { "type": "Point", "coordinates": [ -93.305385233965367, 45.002711005815193 ] } },
{ "type": "Feature", "properties": { "Market_Nam": "Audubon Farmers Market", "Market_Typ": "Farmers Market or Produce & Craft", "Address": "2654 Johnson St NE", "Season__St": "June 11 - September 24", "Days_and_H": "Thursdays, 4pm - 7pm", "Email": "farmersmarket@audubonneighborhood.org", "Phone": "612-788-8790", "Food_Acces": "SNAP-EBT, Power of Produce, Market Bucks, FMNP", "Zip_Code": 55418, "Website": "http:\/\/www.audubonneighborhood.org", "Social_Med": "http:\/\/www.facebook.com\/audubonfarmersmarket\/", "Latitude": 45.016556, "Longitude": -93.237512, "ObjectId": 2 }, "geometry": { "type": "Point", "coordinates": [ -93.237504251438608, 45.016547999072884 ] } },
{ "type": "Feature", "properties": { "Market_Nam": "Northeast Minneapolis Farmers Market", "Market_Typ": "Farmers Market or Produce & Craft", "Address": "629 2nd St NE", "Season__St": "May 16 - October 17", "Days_and_H": "Saturdays, 9am - 1pm", "Email": "info@northeastmarket.org", "Phone": "612-406-8794", "Food_Acces": "SNAP-EBT, Market Bucks, FMNP", "Zip_Code": 55413, "Website": "http:\/\/www.northeastmarket.org", "Social_Med": "http:\/\/www.facebook.com\/northeastfarmersmarket\/", "Latitude": 44.995203, "Longitude": -93.261877, "ObjectId": 3 }, "geometry": { "type": "Point", "coordinates": [ -93.261869247431562, 44.995195003878166 ] } },
{ "type": "Feature", "properties": { "Market_Nam": "Farmers Market Annex", "Market_Typ": "Farmers Market or Produce & Craft", "Address": "200 E Lyndale Ave N", "Season__St": "April 25 - October 25", "Days_and_H": "Saturdays & Sundays, 7am - 1pm", "Email": "info@farmersmarketannex.com", "Phone": "612-573-0148", "Food_Acces": "FMNP, Healthy Savings", "Zip_Code": 55405, "Website": "http:\/\/www.farmersmarketannex.com", "Social_Med": "http:\/\/www.facebook.com\/farmersmarketannex\/", "Latitude": 44.980132, "Longitude": -93.286156, "ObjectId": 4 }, "geometry": { "type": "Point", "coordinates": [ -93.286148242581959, 44.980124007763166 ] } },
{ "type": "Feature", "properties": { "Market_Nam": "Mill City Farmers Market", "Market_Typ": "Farmers Market or Produce & Craft", "Address": "750 S 2nd St", "Season__St": "May 2 - October 31", "Days_and_H": "Saturdays, 8am - 1pm (9am - 1pm in Oct)", "Email": "info@millcityfarmersmarket.org", "Phone": "612-341-7580", "Food_Acces": "SNAP-EBT, Power of Produce, Market Bucks, FMNP, Healthy Savings", "Zip_Code": 55415, "Website": "http:\/\/www.millcityfarmersmarket.org", "Social_Med": "http:\/\/www.facebook.com\/millcityfarmersmarket\/", "Latitude": 44.978655, "Longitude": -93.256199, "ObjectId": 5 }, "geometry": { "type": "Point", "coordinates": [ -93.256191251339985, 44.978647005893549 ] } },
{ "type": "Feature", "properties": { "Market_Nam": "Minneapolis Farmers Market", "Market_Typ": "Farmers Market or Produce & Craft", "Address": "312 E Lyndale Ave N", "Season__St": "April 25 - October 31", "Days_and_H": "Open on weekends 6 am -1 pm and many weekdays. Weekday operation can be confirmed on their social media.", "Email": "mplsfarmersmarket@gmail.com", "Phone": "612-333-1718", "Food_Acces": "SNAP-EBT, Market Bucks, FMNP, Healthy Savings", "Zip_Code": 55405, "Website": "http:\/\/www.mplsfarmersmarket.com", "Social_Med": "http:\/\/www.facebook.com\/mplsfarmersmarket\/", "Latitude": 44.981137, "Longitude": -93.286112, "ObjectId": 6 }, "geometry": { "type": "Point", "coordinates": [ -93.286104242455636, 44.981129007613802 ] } },
{ "type": "Feature", "properties": { "Market_Nam": "Nicollet Mall Farmers Market", "Market_Typ": "Farmers Market or Produce & Craft", "Address": "Nicollet Mall\n8th Street through 6th Street", "Season__St": "Market postponed, details pending", "Days_and_H": null, "Email": "mplsfarmersmarket@gmail.com", "Phone": "612-333-1718", "Food_Acces": "SNAP-EBT, Market Bucks, FMNP, Healthy Savings", "Zip_Code": 55402, "Website": "http:\/\/www.mplsfarmersmarket.com", "Social_Med": "http:\/\/www.facebook.com\/mplsfarmersmarket", "Latitude": 44.977211, "Longitude": -93.271943, "ObjectId": 7 }, "geometry": { "type": "Point", "coordinates": [ -93.27193524704353, 44.977203007199364 ] } },
{ "type": "Feature", "properties": { "Market_Nam": "Forum Farmers Market", "Market_Typ": "Farmers Market or Produce & Craft", "Address": "900 2nd Ave S", "Season__St": "Market postponed, details pending", "Days_and_H": null, "Email": "bjohnson@wildamere.com", "Phone": "612-399-9950", "Food_Acces": "Healthy Savings", "Zip_Code": 55402, "Website": null, "Social_Med": null, "Latitude": 44.973729, "Longitude": -93.271505, "ObjectId": 8 }, "geometry": { "type": "Point", "coordinates": [ -93.271497247649535, 44.973721007676232 ] } },
{ "type": "Feature", "properties": { "Market_Nam": "US Bank Plaza Farmers Market", "Market_Typ": "Mini Market", "Address": "200 S 6th St", "Season__St": "Market postponed, details pending", "Days_and_H": null, "Email": "dan@thefarmofmn.com", "Phone": "320-296-9585", "Food_Acces": null, "Zip_Code": 55402, "Website": "https:\/\/thefarmofmn.com\/farmers-markets\/", "Social_Med": "https:\/\/www.facebook.com\/TheFarmofMinnesota", "Latitude": 44.977025, "Longitude": -93.267278, "ObjectId": 9 }, "geometry": { "type": "Point", "coordinates": [ -93.267270248401246, 44.977017006901875 ] } },
{ "type": "Feature", "properties": { "Market_Nam": "Four Sisters Farmers Market", "Market_Typ": "Farmers Market or Produce & Craft", "Address": "1414 E Franklin Ave", "Season__St": "July 2 - October 15", "Days_and_H": "Thursdays, 11am - 3pm", "Email": "eday@nacdi.org", "Phone": "612-235-4971", "Food_Acces": "SNAP-EBT, Market Bucks, FMNP", "Zip_Code": 55404, "Website": null, "Social_Med": "http:\/\/www.facebook.com\/foursistersmarket", "Latitude": 44.96298, "Longitude": -93.254252, "ObjectId": 10 }, "geometry": { "type": "Point", "coordinates": [ -93.254244254059572, 44.962972008042783 ] } },
{ "type": "Feature", "properties": { "Market_Nam": "Midtown Farmers Market", "Market_Typ": "Farmers Market or Produce & Craft", "Address": "3032 Minnehaha Ave", "Season__St": "May 2 - October 31", "Days_and_H": "Saturdays, 8am - 1pm (May - Oct); Tuesdays 3pm - 7pm (June - Oct)", "Email": "info@midtownfarmersmarket.org", "Phone": "612-724-7457", "Food_Acces": "SNAP-EBT, Power of Produce, Market Bucks, FMNP", "Zip_Code": 55406, "Website": "http:\/\/www.midtownfarmersmarket.org\/", "Social_Med": "http:\/\/www.facebook.com\/midtownfarmersmarket", "Latitude": 44.947411, "Longitude": -93.234025, "ObjectId": 11 }, "geometry": { "type": "Point", "coordinates": [ -93.234017261981961, 44.947403008907656 ] } },
{ "type": "Feature", "properties": { "Market_Nam": "Nokomis Farmers Market", "Market_Typ": "Farmers Market or Produce & Craft", "Address": "5167 Chicago Ave", "Season__St": "June 17 - September 30", "Days_and_H": "Wednesdays, 4pm - 8pm (closes at 7:30pm in Sept)", "Email": "info@neighborhoodrootsmn.org", "Phone": "612-207-7893", "Food_Acces": "SNAP-EBT, Market Bucks, FMNP", "Zip_Code": 55417, "Website": "http:\/\/www.neighborhoodrootsmn.org", "Social_Med": "http:\/\/www.facebook.com\/nokomismarket", "Latitude": 44.909142, "Longitude": -93.262119, "ObjectId": 12 }, "geometry": { "type": "Point", "coordinates": [ -93.262111259228561, 44.909134016444661 ] } },
{ "type": "Feature", "properties": { "Market_Nam": "Stevens Square Farmers Market", "Market_Typ": "Mini Market", "Address": "2000 Nicollet Ave", "Season__St": "July 8 - September 30", "Days_and_H": "Wednesdays, 1:30pm - 6pm", "Email": "skafte7@gmail.com", "Phone": "612-750-3779", "Food_Acces": "SNAP-EBT, Market Bucks, FMNP", "Zip_Code": 55403, "Website": null, "Social_Med": null, "Latitude": 44.963296, "Longitude": -93.278938, "ObjectId": 13 }, "geometry": { "type": "Point", "coordinates": [ -93.278930246967874, 44.963288009713658 ] } },
{ "type": "Feature", "properties": { "Market_Nam": "Tiny Diner Farmers' Market", "Market_Typ": "Farmers Market or Produce & Craft", "Address": "1024 E 38th St", "Season__St": "In-person market canceled, pre-orders only. Details pending.", "Days_and_H": null, "Email": "andrea.e@tinydiner.com", "Phone": "612-767-3322", "Food_Acces": "SNAP-EBT", "Zip_Code": 55407, "Website": "http:\/\/www.tinydiner.com\/farmers-market\/", "Social_Med": "http:\/\/www.facebook.com\/tinydiner\/", "Latitude": 44.934417, "Longitude": -93.259033, "ObjectId": 14 }, "geometry": { "type": "Point", "coordinates": [ -93.259025256631546, 44.934409012541046 ] } },
{ "type": "Feature", "properties": { "Market_Nam": "East Isles Farmers Market", "Market_Typ": "Farmers Market or Produce & Craft", "Address": "1420 The Mall", "Season__St": "June 18 - September 17", "Days_and_H": "Thursdays, 4pm - 8 pm (plus Wednesday August 5)", "Email": "director@eastislesfarmersmarket.com", "Phone": "612-524-9969", "Food_Acces": null, "Zip_Code": 55408, "Website": "http:\/\/www.eastislesfarmersmarket.com", "Social_Med": "http:\/\/www.facebook.com\/eastislesfarmersmarket", "Latitude": 44.950097, "Longitude": -93.301049, "ObjectId": 15 }, "geometry": { "type": "Point", "coordinates": [ -93.301041242478533, 44.950089013175592 ] } },
{ "type": "Feature", "properties": { "Market_Nam": "Fulton Farmers Market", "Market_Typ": "Farmers Market or Produce & Craft", "Address": "4901 Chowen Ave S", "Season__St": "May 16 - October 24", "Days_and_H": "Saturdays, 8:30am - 1pm", "Email": "info@neighborhoodrootsmn.org", "Phone": "612-207-7893", "Food_Acces": "SNAP-EBT, Market Bucks, FMNP", "Zip_Code": 55410, "Website": "http:\/\/www.neighborhoodrootsmn.org", "Social_Med": "http:\/\/www.facebook.com\/fultonfarmersmarket\/", "Latitude": 44.913769, "Longitude": -93.324595, "ObjectId": 16 }, "geometry": { "type": "Point", "coordinates": [ -93.324587240769048, 44.913761020110236 ] } },
{ "type": "Feature", "properties": { "Market_Nam": "Kingfield Farmers Market", "Market_Typ": "Farmers Market or Produce & Craft", "Address": "4310 Nicollet Ave", "Season__St": "May 17 - October 25", "Days_and_H": "Sundays, 8:30am - 1pm", "Email": "info@neighborhoodrootsmn.org", "Phone": "612-207-7893", "Food_Acces": "SNAP-EBT, Market Bucks, FMNP", "Zip_Code": 55409, "Website": "http:\/\/www.neighborhoodrootsmn.org", "Social_Med": "http:\/\/www.facebook.com\/kingfieldmarket\/", "Latitude": 44.92448, "Longitude": -93.278313, "ObjectId": 17 }, "geometry": { "type": "Point", "coordinates": [ -93.278305252497049, 44.924472015330643 ] } },
{ "type": "Feature", "properties": { "Market_Nam": "Linden Hills Farmers Market", "Market_Typ": "Farmers Market or Produce & Craft", "Address": "2813 W 43rd St", "Season__St": "In-person market canceled, pre-order & pick-up only starting May 17", "Days_and_H": "Pre-order Monday through Thursday at noon, pick-up Sundays 10am – 12pm", "Email": "manager@lindenhillsfarmersmarket.org", "Phone": "612-867-0854", "Food_Acces": null, "Zip_Code": 55410, "Website": "http:\/\/www.lindenhillsfarmersmarket.com", "Social_Med": "http:\/\/www.facebook.com\/lindenhillsfarmersmarket\/", "Latitude": 44.924543, "Longitude": -93.315531, "ObjectId": 18 }, "geometry": { "type": "Point", "coordinates": [ -93.315523241870068, 44.924535017908525 ] } },
{ "type": "Feature", "properties": { "Market_Nam": "Untiedt's Garden Market", "Market_Typ": "Mini Market", "Address": "3711 W 44th St", "Season__St": "June 19 - September 27", "Days_and_H": "Daily, 10am - 6pm", "Email": "craig@untiedtswegrowforyou.com", "Phone": "763-658-4672", "Food_Acces": null, "Zip_Code": 55410, "Website": "http:\/\/www.untiedtswegrowforyou.com", "Social_Med": "http:\/\/www.facebook.com\/UntiedtsVegetableFarm\/", "Latitude": 44.922499, "Longitude": -93.327161, "ObjectId": 19 }, "geometry": { "type": "Point", "coordinates": [ -93.327153238834669, 44.92249101901546 ] } },
{ "type": "Feature", "properties": { "Market_Nam": "Untiedt's Garden Market", "Market_Typ": "Mini Market", "Address": "6024 Penn Ave S", "Season__St": "June 19 - September 7", "Days_and_H": "Daily, 10am - 6pm", "Email": "craig@untiedtswegrowforyou.com", "Phone": "763-658-4672", "Food_Acces": null, "Zip_Code": 55419, "Website": "http:\/\/www.untiedtswegrowforyou.com", "Social_Med": "http:\/\/www.facebook.com\/UntiedtsVegetableFarm\/", "Latitude": 44.892695, "Longitude": -93.309514, "ObjectId": 20 }, "geometry": { "type": "Point", "coordinates": [ -93.309506247969338, 44.892687022137537 ] } },
{ "type": "Feature", "properties": { "Market_Nam": "Camden Farmers Market", "Market_Typ": "Farmers Market or Produce & Craft", "Address": "4414 Humboldt Ave N", "Season__St": "Details pending", "Days_and_H": "Saturdays, time TBD", "Email": "thenewmpls@gmail.com", "Phone": "651-373-0543", "Food_Acces": null, "Zip_Code": 55412, "Website": null, "Social_Med": null, "Latitude": 45.035718, "Longitude": -93.298, "ObjectId": 21 }, "geometry": { "type": "Point", "coordinates": [ -93.297992231502761, 45.035710000500714 ] } },
{ "type": "Feature", "properties": { "Market_Nam": "BeltrOmbi Farmers Market", "Market_Typ": "Mini Market", "Address": "949 E Hennepin Ave", "Season__St": "June 16 - TBD", "Days_and_H": "Tuesdays, 5pm - 7pm", "Email": "cheers@ombibulousmn.com", "Phone": "612-354-7944", "Food_Acces": null, "Zip_Code": 55414, "Website": "http:\/\/www.ombibulousmn.com", "Social_Med": "http:\/\/www.facebook.com\/OmbibulousMN\/", "Latitude": 44.991744, "Longitude": -93.240084, "ObjectId": 22 }, "geometry": { "type": "Point", "coordinates": [ -93.24007625413482, 44.991736002865423 ] } },
{ "type": "Feature", "properties": { "Market_Nam": "Westminster Sunday Farmers Market", "Market_Typ": "Farmers Market or Produce & Craft", "Address": "S 12th St & Nicollet Mall", "Season__St": "Market postponed, details pending", "Days_and_H": null, "Email": "ljung@wpc-mpls.org", "Phone": "952-807-2559", "Food_Acces": "SNAP-EBT", "Zip_Code": 55403, "Website": "https:\/\/www.westminstermpls.org\/2019\/06\/sunday-farmers-market\/", "Social_Med": "https:\/\/www.facebook.com\/westminstermpls\/", "Latitude": 44.97211, "Longitude": -93.276196, "ObjectId": 23 }, "geometry": { "type": "Point", "coordinates": [ -93.276188246533764, 44.972102008238515 ] } }
]
}
